product_id	product_url	product_img_url	product_name	product_color	product_deviceType	product_price
3385	https://case-mate.com/clear-protection-pack-iphone8	https://case-mate.com/media/catalog/product/cache/3fc35d798ea034524abc6812c3526e1f/c/m/cm038489_iphone8_protectionpack_2.png	Protection Pack	Clear	iPhone 8	$40
3020	https://case-mate.com/twinkle-stardust-iphone8	https://case-mate.com/media/catalog/product/cache/3fc35d798ea034524abc6812c3526e1f/i/p/iphone_8_twinkle_cm037228_1.png	Twinkle	Stardust	iPhone 8	$40
3017	https://case-mate.com/lava-lamp-iphone8	https://case-mate.com/media/catalog/product/cache/3fc35d798ea034524abc6812c3526e1f/i/p/iphone_8_lava_cm037230_1_1.png	Lava Lamp	Lava Lamp	iPhone 8	$40
2799	https://case-mate.com/purple-petals-karat-iphone8	https://case-mate.com/media/catalog/product/cache/3fc35d798ea034524abc6812c3526e1f/c/m/cmi_omega_karatpetal_purple_cm036090_1_2.png	Karat Petals	Purple	iPhone 8	$50
2785	https://case-mate.com/mother-of-pearl-karat-iphone8	https://case-mate.com/media/catalog/product/cache/3fc35d798ea034524abc6812c3526e1f/c/m/cmi_iphone_8_karat_motherofpearl_cm036084_1_2.png	Karat	Mother of Pearl	iPhone 8	$50
2786	https://case-mate.com/rose-gold-karat-iphone8	https://case-mate.com/media/catalog/product/cache/3fc35d798ea034524abc6812c3526e1f/c/m/cmi_iphone_8_karat_rosegold_cm036082_1_1.png	Karat	Rose Gold	iPhone 8	$50
2784	https://case-mate.com/gold-karat-iphone8	https://case-mate.com/media/catalog/product/cache/3fc35d798ea034524abc6812c3526e1f/c/m/cmi_iphone_8_karat_gold_cm034688_1_1.png	Karat	Gold	iPhone 8	$50
2791	https://case-mate.com/tough-clear-iphone8	https://case-mate.com/media/catalog/product/cache/3fc35d798ea034524abc6812c3526e1f/8/_/8_1.png	Tough Clear	Clear	iPhone 8	$35
2789	https://case-mate.com/iridescent-naked-tough-iphone8	https://case-mate.com/media/catalog/product/cache/3fc35d798ea034524abc6812c3526e1f/c/m/cmi_iphone_8_nakedtough_iridescent_cm036078_1.png	Naked Tough	Iridescent	iPhone 8	$18
2801	https://case-mate.com/champagne-sheer-glam-iphone8	https://case-mate.com/media/catalog/product/cache/3fc35d798ea034524abc6812c3526e1f/8/_/8_sheer_glam_1_2.png	Naked Tough	Sheer Glam	iPhone 8	$18
2788	https://case-mate.com/mood-iphone8	https://case-mate.com/media/catalog/product/cache/3fc35d798ea034524abc6812c3526e1f/c/m/cmi_omega_mood_cm036114_1_1_2.png	Mood	Mood	iPhone 8	$40
3086	https://case-mate.com/black-barely-there-leather-iphone8	https://case-mate.com/media/catalog/product/cache/3fc35d798ea034524abc6812c3526e1f/i/p/iphone8_btl_black_1.png	Barely There Leather	Black	iPhone 8	$40
3087	https://case-mate.com/metallic-blush-barely-there-leather-iphone8	https://case-mate.com/media/catalog/product/cache/3fc35d798ea034524abc6812c3526e1f/i/p/iphone8_btl_mblush_1.png	Barely There Leather	Metallic Blush	iPhone 8	$40
3027	https://case-mate.com/squish-iridescent-iphone8	https://case-mate.com/media/catalog/product/cache/3fc35d798ea034524abc6812c3526e1f/c/m/cmi_iphone_8_squish_iridescent_cm037224_1.jpg	Squish	Iridescent	iPhone 8	$20
2797	https://case-mate.com/rose-gold-waterfall-iphone8	https://case-mate.com/media/catalog/product/cache/3fc35d798ea034524abc6812c3526e1f/r/g/rg_1_2.png	Waterfall	Rose Gold	iPhone 8	$40
2792	https://case-mate.com/pink-glow-waterfall-iphone8	https://case-mate.com/media/catalog/product/cache/3fc35d798ea034524abc6812c3526e1f/c/m/cmi_omega_waterfall_glowpink_cm036104_1_2.png	Glow Waterfall	Pink Glow	iPhone 8	$40
2728	https://case-mate.com/purple-glow-waterfall-iphone8	https://case-mate.com/media/catalog/product/cache/3fc35d798ea034524abc6812c3526e1f/c/m/cmi_omega_waterfall_glowpurple_cm036786_1_2.png	Glow Waterfall	Purple Glow	iPhone 8	$40
2780	https://case-mate.com/black-compact-mirror-iphone8	https://case-mate.com/media/catalog/product/cache/3fc35d798ea034524abc6812c3526e1f/c/m/cmi_iphone_8_plus_compactmirror_black_cm036124_1.png	Compact Mirror	Black	iPhone 8	$20
2790	https://case-mate.com/clear-naked-tough-iphone8	https://case-mate.com/media/catalog/product/cache/3fc35d798ea034524abc6812c3526e1f/c/m/cmi_iphone_8_naked_tough_clear_cm034670_1.png	Naked Tough	Clear	iPhone 8	$18
2804	https://case-mate.com/black-wallet-folio-iphone8	https://case-mate.com/media/catalog/product/cache/3fc35d798ea034524abc6812c3526e1f/c/m/cmi_iphone_7_wallet_folio_black_cm034746_3_1_1.png	Wallet Folio	Black	iPhone 8	$60
3037	https://case-mate.com/twinkle-stardust-iphone7	https://case-mate.com/media/catalog/product/cache/3fc35d798ea034524abc6812c3526e1f/i/p/iphone_7_twinkle_cm037228_1.png	Twinkle	Stardust	iPhone 7	$40
3041	https://case-mate.com/lava-lamp-iphone7	https://case-mate.com/media/catalog/product/cache/3fc35d798ea034524abc6812c3526e1f/i/p/iphone_8_lava_cm037230_1_1_1.png	Lava Lamp	Lava Lamp	iPhone 7	$40
2695	https://case-mate.com/purple-petals-karat-iphone7	https://case-mate.com/media/catalog/product/cache/3fc35d798ea034524abc6812c3526e1f/c/m/cmi_omega_karatpetal_purple_cm036090_1_1.png	Karat Petals	Purple	iPhone 7	$50
2099	https://case-mate.com/karat-mother-of-pearl-iphone7	https://case-mate.com/media/catalog/product/cache/3fc35d798ea034524abc6812c3526e1f/c/m/cmi_iphone_8_karat_motherofpearl_cm036084_1_3.png	Karat	Mother of Pearl	iPhone 7	$50
2098	https://case-mate.com/karat-gold-iphone7	https://case-mate.com/media/catalog/product/cache/3fc35d798ea034524abc6812c3526e1f/c/m/cmi_iphone7_karat_gold_cm034688_1.png	Karat	Gold	iPhone 7	$50
2097	https://case-mate.com/karat-rose-gold-iphone7	https://case-mate.com/media/catalog/product/cache/3fc35d798ea034524abc6812c3526e1f/c/m/cmi_iphone_8_karat_rosegold_cm036082_1_1_1.png	Karat	Rose Gold	iPhone 7	$50
2691	https://case-mate.com/tough-clear-iphone7	https://case-mate.com/media/catalog/product/cache/3fc35d798ea034524abc6812c3526e1f/c/m/cmi_omega_tough_clear_cm036062_1_1.png	Tough Clear	Clear	iPhone 7	$35
2061	https://case-mate.com/naked-tough-iridescent-iphone7	https://case-mate.com/media/catalog/product/cache/3fc35d798ea034524abc6812c3526e1f/c/m/cmi_iphone_8_nakedtough_iridescent_cm036078_1_1.png	Naked Tough	Iridescent	iPhone 7	$18
2063	https://case-mate.com/naked-tough-sheer-glam-iphone7	https://case-mate.com/media/catalog/product/cache/3fc35d798ea034524abc6812c3526e1f/8/_/8_sheer_glam_1.png	Naked Tough	Sheer Glam	iPhone 7	$18
2690	https://case-mate.com/mood-iphone7	https://case-mate.com/media/catalog/product/cache/3fc35d798ea034524abc6812c3526e1f/c/m/cmi_omega_mood_cm036114_1_1_1.png	Mood	Mood	iPhone 7	$40
3055	https://case-mate.com/squish-iridescent-iphone7	https://case-mate.com/media/catalog/product/cache/3fc35d798ea034524abc6812c3526e1f/c/m/cmi_iphone_7_squish_iridescent_cm037224_1.jpg	Squish	Iridescent	iPhone 7	$20
2066	https://case-mate.com/rose-gold-naked-tough-waterfall-iphone7	https://case-mate.com/media/catalog/product/cache/3fc35d798ea034524abc6812c3526e1f/r/g/rg_1.png	Waterfall	Rose Gold	iPhone 7	$40
2692	https://case-mate.com/pink-glow-waterfall-iphone7	https://case-mate.com/media/catalog/product/cache/3fc35d798ea034524abc6812c3526e1f/c/m/cmi_omega_waterfall_glowpink_cm036104_1_1.png	Glow Waterfall	Pink Glow	iPhone 7	$40
2693	https://case-mate.com/purple-glow-waterfall-iphone7	https://case-mate.com/media/catalog/product/cache/3fc35d798ea034524abc6812c3526e1f/c/m/cmi_omega_waterfall_glowpurple_cm036786_1_1.png	Glow Waterfall	Purple Glow	iPhone 7	$40
2685	https://case-mate.com/black-compact-mirror-iphone7	https://case-mate.com/media/catalog/product/cache/3fc35d798ea034524abc6812c3526e1f/c/m/cmi_iphone_7_plus_compactmirror_black_cm036124_1.png	Compact Mirror	Black	iPhone 7	$20
2698	https://case-mate.com/black-wallet-folio-iphone7	https://case-mate.com/media/catalog/product/cache/3fc35d798ea034524abc6812c3526e1f/c/m/cmi_iphone_7_wallet_folio_black_cm034746_3_1_2.png	Wallet Folio	Black	iPhone 7	$60
3289	https://case-mate.com/clear-protection-pack-iphonexs	https://case-mate.com/media/catalog/product/cache/3fc35d798ea034524abc6812c3526e1f/c/m/cm037938_5.8_tough_clear_bundle_package.png	Protection Pack	Clear	iPhone Xs / X	$45
2750	https://case-mate.com/tough-clear-iphone-xs	https://case-mate.com/media/catalog/product/cache/3fc35d798ea034524abc6812c3526e1f/t/o/toughclearxs.png	Tough Clear	Clear	iPhone Xs / X	$35
3018	https://case-mate.com/twinkle-stardust-iphone-xs	https://case-mate.com/media/catalog/product/cache/3fc35d798ea034524abc6812c3526e1f/t/w/twinkle_1_1.png	Twinkle	Stardust	iPhone Xs / X	$40
2737	https://case-mate.com/rose-gold-brilliance-tough-iphone-xs	https://case-mate.com/media/catalog/product/cache/3fc35d798ea034524abc6812c3526e1f/b/r/brilliance_rg_1_1.png	Brilliance	Rose Gold	iPhone Xs / X	$60
2757	https://case-mate.com/purple-petals-karat-iphone-xs	https://case-mate.com/media/catalog/product/cache/3fc35d798ea034524abc6812c3526e1f/x/s/xspetals-1.png	Karat Petals	Purple	iPhone Xs / X	$50
3099	https://case-mate.com/pink-karat-petals-ditsy-flowers-iphone-xs	https://case-mate.com/media/catalog/product/cache/3fc35d798ea034524abc6812c3526e1f/d/i/ditsypetalsxs-1.png	Karat Petals	Ditsy Petals Pink	iPhone Xs / X	$50
3100	https://case-mate.com/purple-karat-petals-ditsy-flowers-iphonexs	https://case-mate.com/media/catalog/product/cache/3fc35d798ea034524abc6812c3526e1f/d/i/ditsy_petals_purple_1.png	Karat Petals	Ditsy Petals Purple	iPhone Xs / X	$50
2756	https://case-mate.com/pink-petals-karat-iphone-xs	https://case-mate.com/media/catalog/product/cache/3fc35d798ea034524abc6812c3526e1f/c/m/cm_karatpetal_pink_icon.png	Karat Petals	Pink	iPhone Xs / X	$50
2758	https://case-mate.com/white-petals-karat-iphone-xs	https://case-mate.com/media/catalog/product/cache/3fc35d798ea034524abc6812c3526e1f/c/m/cm_karatpetal_white_icon.png	Karat Petals	Antique White	iPhone Xs / X	$50
2744	https://case-mate.com/mother-of-pearl-karat-iphone-xs	https://case-mate.com/media/catalog/product/cache/3fc35d798ea034524abc6812c3526e1f/m/o/mopxs.png	Karat	Mother of Pearl	iPhone Xs / X	$50
2745	https://case-mate.com/rose-gold-karat-iphone-xs	https://case-mate.com/media/catalog/product/cache/3fc35d798ea034524abc6812c3526e1f/k/a/karat_rg_1_1.png	Karat	Rose Gold	iPhone Xs / X	$50
2742	https://case-mate.com/gold-karat-iphone-xs	https://case-mate.com/media/catalog/product/cache/3fc35d798ea034524abc6812c3526e1f/c/m/cmi_iphone_x_karat_gold_cm036703_1_1.png	Karat	Gold	iPhone Xs / X	$50
3239	https://case-mate.com/green-pink-neon-tough-neon-iphonexs	https://case-mate.com/media/catalog/product/cache/3fc35d798ea034524abc6812c3526e1f/t/o/toughneon_green_xs_1.png	Tough Neon	Green/Pink Neon	iPhone Xs / X	$35
3240	https://case-mate.com/turquoise-purple-neon-tough-neon-iphonexs	https://case-mate.com/media/catalog/product/cache/3fc35d798ea034524abc6812c3526e1f/t/o/toughneon_purple_xs_1.png	Tough Neon	Turquoise/Purple Neon	iPhone Xs / X	$35
3363	https://case-mate.com/iphone-xs-car-case-black	https://case-mate.com/media/catalog/product/cache/3fc35d798ea034524abc6812c3526e1f/i/p/iphonexs_carcase_1_1.png	Car Case	Black	iPhone Xs / X	$40
3252	https://case-mate.com/gold-waterfall-iphone-xs	https://case-mate.com/media/catalog/product/cache/3fc35d798ea034524abc6812c3526e1f/w/a/waterfall_goldxs.png	Waterfall	Gold	iPhone Xs / X	$40
2754	https://case-mate.com/iridescent-diamond-waterfall-iphone-xs	https://case-mate.com/media/catalog/product/cache/3fc35d798ea034524abc6812c3526e1f/w/a/waterfalls_iridescent_1.png	Waterfall	Iridescent Diamond	iPhone Xs / X	$40
2755	https://case-mate.com/rose-gold-waterfall-iphone-xs	https://case-mate.com/media/catalog/product/cache/3fc35d798ea034524abc6812c3526e1f/w/a/waterfalls_rg_1.png	Waterfall	Rose Gold	iPhone Xs / X	$40
2753	https://case-mate.com/black-waterfall-iphone-xs	https://case-mate.com/media/catalog/product/cache/3fc35d798ea034524abc6812c3526e1f/c/m/cmi_pagani_waterfall_black_cm036264_1.png	Waterfall	Black	iPhone Xs / X	$40
2862	https://case-mate.com/purple-glow-waterfall-iphone-xs	https://case-mate.com/media/catalog/product/cache/3fc35d798ea034524abc6812c3526e1f/w/f/wf_cm_burberry_1_sticker.png	Waterfall	Purple Glow	iPhone Xs / X	$40
2751	https://case-mate.com/pink-glow-waterfall-iphone-xs	https://case-mate.com/media/catalog/product/cache/3fc35d798ea034524abc6812c3526e1f/c/m/cm_waterfall_glowpink_icon.png	Glow Waterfall	Pink Glow	iPhone Xs / X	$40
2945	https://case-mate.com/clear-sheer-crystal-iphone-xs	https://case-mate.com/media/catalog/product/cache/3fc35d798ea034524abc6812c3526e1f/s/h/sheercrystalclearxs.png	Sheer Crystal	Clear	iPhone Xs / X	$35
2944	https://case-mate.com/pink-sheer-crystal-iphone-xs	https://case-mate.com/media/catalog/product/cache/3fc35d798ea034524abc6812c3526e1f/s/h/sheercrystal_crystalblush_1.png	Sheer Crystal	Blush	iPhone Xs / X	$35
3238	https://case-mate.com/teal-sheer-crystal-iphonexs	https://case-mate.com/media/catalog/product/cache/3fc35d798ea034524abc6812c3526e1f/s/h/sheercrystal_teal_1.png	Sheer Crystal	Teal	iPhone Xs / X	$35
3237	https://case-mate.com/purple-sheer-crystal-iphone-xs	https://case-mate.com/media/catalog/product/cache/3fc35d798ea034524abc6812c3526e1f/s/h/sheercrystal_purple_1.png	Sheer Crystal	Purple	iPhone Xs / X	$35
3290	https://case-mate.com/black-protection-pack-iphone-xs	https://case-mate.com/media/catalog/product/cache/3fc35d798ea034524abc6812c3526e1f/c/m/cm038005_5.8_matte_black_bundle_package.png	Protection Pack	Black	iPhone Xs / X	$45
3080	https://case-mate.com/butterscotch-barely-there-leather-iphone-xs	https://case-mate.com/media/catalog/product/cache/3fc35d798ea034524abc6812c3526e1f/i/p/iphonex_barelythere_leather_brown_1.png	Barely There Leather	Butterscotch	iPhone Xs / X	$40
3081	https://case-mate.com/black-barely-there-leather-iphone-xs	https://case-mate.com/media/catalog/product/cache/3fc35d798ea034524abc6812c3526e1f/i/p/iphonex_barelythere_leather_black_1.png	Barely There Leather	Black	iPhone Xs / X	$40
3078	https://case-mate.com/cardinal-barely-there-leather-iphone-xs	https://case-mate.com/media/catalog/product/cache/3fc35d798ea034524abc6812c3526e1f/i/p/iphonex_barelythere_leather_red_1.png	Barely There Leather	Cardinal	iPhone Xs / X	$40
3079	https://case-mate.com/metallic-blush-barely-there-leather-iphone-xs	https://case-mate.com/media/catalog/product/cache/3fc35d798ea034524abc6812c3526e1f/b/a/barelythereleather_copy.png	Barely There Leather	Metallic Blush	iPhone Xs / X	$40
3231	https://case-mate.com/sprinkles-iphonexs	https://case-mate.com/media/catalog/product/cache/3fc35d798ea034524abc6812c3526e1f/s/p/sprinkles_1.png	Sprinkles	Sprinkles	iPhone Xs / X	$40
3015	https://case-mate.com/lava-lamp-iphone-xs	https://case-mate.com/media/catalog/product/cache/3fc35d798ea034524abc6812c3526e1f/i/p/iphone_x_lava_cm037246_1_1.png	Lava Lamp	Lava Lamp	iPhone Xs / X	$40
2747	https://case-mate.com/mood-iphone-xs	https://case-mate.com/media/catalog/product/cache/3fc35d798ea034524abc6812c3526e1f/c/m/cm_mood.png	Mood	Mood	iPhone Xs / X	$40
3247	https://case-mate.com/matte-black-tough-iphone-xs	https://case-mate.com/media/catalog/product/cache/3fc35d798ea034524abc6812c3526e1f/c/m/cm037730_xs.png	Tough	Black	iPhone Xs / X	$35
3106	https://case-mate.com/pink-dot-wallpapers-iphone-xs	https://case-mate.com/media/catalog/product/cache/3fc35d798ea034524abc6812c3526e1f/w/a/wallpaper_pinkpoppy_1.png	Wallpapers	Pink Poppy	iPhone Xs / X	$35
3105	https://case-mate.com/pink-wallpapers-iphone-xs	https://case-mate.com/media/catalog/product/cache/3fc35d798ea034524abc6812c3526e1f/w/a/wallpaper_pinkdot_1.png	Wallpapers	Pink Dot	iPhone Xs / X	$35
3104	https://case-mate.com/grey-leopard-wallapers-iphonexs	https://case-mate.com/media/catalog/product/cache/3fc35d798ea034524abc6812c3526e1f/w/a/wallpaper_grayleopard_1.png	Wallpapers	Grey Leopard	iPhone Xs / X	$35
3102	https://case-mate.com/black-metallic-wallpapers-iphone-xs	https://case-mate.com/media/catalog/product/cache/3fc35d798ea034524abc6812c3526e1f/b/l/blackdotsxs.png	Wallpapers	Metallic Dot	iPhone Xs / X	$35
3103	https://case-mate.com/floral-garden-wallpaper-iphonexs	https://case-mate.com/media/catalog/product/cache/3fc35d798ea034524abc6812c3526e1f/w/a/wallpaper_floralgarden_1.png	Wallpapers	Floral Garden	iPhone Xs / X	$35
3230	https://case-mate.com/clear-protection-collection-iphone-xs	https://case-mate.com/media/catalog/product/cache/3fc35d798ea034524abc6812c3526e1f/p/r/protectioncollection_sc_clear_01.png	Protection Collection	Clear	iPhone Xs / X	$40
3229	https://case-mate.com/blush-protection-collection-iphone-xs	https://case-mate.com/media/catalog/product/cache/3fc35d798ea034524abc6812c3526e1f/p/r/protection_sc_blush_01.png	Protection Collection	Sheer Crystal Pink	iPhone Xs / X	$40
3226	https://case-mate.com/clear-black-protection-collection-iphone-xs	https://case-mate.com/media/catalog/product/cache/3fc35d798ea034524abc6812c3526e1f/p/r/protectioncollection_clear_1.png	Protection Collection	Clear/Black	iPhone Xs / X	$40
3228	https://case-mate.com/black-protection-collection-iphone-xs	https://case-mate.com/media/catalog/product/cache/3fc35d798ea034524abc6812c3526e1f/p/r/protectioncollection_translucent_1.png	Protection Collection	Black	iPhone Xs / X	$40
3225	https://case-mate.com/carbon-fiber-protection-collection-iphone-xs	https://case-mate.com/media/catalog/product/cache/3fc35d798ea034524abc6812c3526e1f/p/r/protectioncollection_carbonfiber_1.png	Protection Collection	Carbon Fiber	iPhone Xs / X	$40
2748	https://case-mate.com/iridescent-naked-tough-iphone-xs	https://case-mate.com/media/catalog/product/cache/3fc35d798ea034524abc6812c3526e1f/n/a/nakedtough_ir_1.png	Iridescent	Iridescent	iPhone Xs / X	$35
2736	https://case-mate.com/lace-brilliance-tough-iphone-xs	https://case-mate.com/media/catalog/product/cache/3fc35d798ea034524abc6812c3526e1f/c/m/cmi_pagani_brilliance_lace_cm036274_1.png	Brilliance Tough	Lace	iPhone Xs / X	$60
2734	https://case-mate.com/brooch-brilliance-tough-iphonex	https://case-mate.com/media/catalog/product/cache/3fc35d798ea034524abc6812c3526e1f/c/m/cmi_pagani_brilliance_brooch_cm036278_1_1.png	Brilliance Tough	Brooch	iPhone Xs / X	$60
3314	https://case-mate.com/black-black-tough-grip-iphone-xs	https://case-mate.com/media/catalog/product/cache/3fc35d798ea034524abc6812c3526e1f/t/o/toughgrip_black_1_copy.png	Tough Grip	Black	iPhone Xs / X	$30
3312	https://case-mate.com/silver-black-tough-grip-iphone-xs	https://case-mate.com/media/catalog/product/cache/3fc35d798ea034524abc6812c3526e1f/t/o/toughgrip_mg_1_copy.png	Tough Grip	Silver/Black	iPhone Xs / X	$30
3316	https://case-mate.com/metallic-blush-clear-tough-grip-iphone-xs	https://case-mate.com/media/catalog/product/cache/3fc35d798ea034524abc6812c3526e1f/t/o/toughgrip_mb_1_copy.png	Tough Grip	Metallic Blush	iPhone Xs / X	$30
3315	https://case-mate.com/blue-titanium-tough-grip-iphonexs	https://case-mate.com/media/catalog/product/cache/3fc35d798ea034524abc6812c3526e1f/t/o/toughgrip_blue_burberry_1.png	Tough Grip	Blue/Titanium	iPhone Xs / X	$30
3232	https://case-mate.com/black-barely-there-folio-iphone-xs	https://case-mate.com/media/catalog/product/cache/3fc35d798ea034524abc6812c3526e1f/b/a/barelytherefolio_black_1.png	Barely There Folio	Black	iPhone Xs / X	$12
3234	https://case-mate.com/cardinal-barely-there-folio-iphonexs	https://case-mate.com/media/catalog/product/cache/3fc35d798ea034524abc6812c3526e1f/b/a/barelytherefolio_cardinal_1.png	Barely There Folio	Cardinal	iPhone Xs / X	$12
3233	https://case-mate.com/brown-barely-there-folio-iphone-xs	https://case-mate.com/media/catalog/product/cache/3fc35d798ea034524abc6812c3526e1f/b/r/brown_folio.png	Barely There Folio	Brown	iPhone Xs / X	$12
2732	https://case-mate.com/clear-barely-there-iphonex	https://case-mate.com/media/catalog/product/cache/3fc35d798ea034524abc6812c3526e1f/b/a/barelythere_clear_1_1.png	Barely There	Clear	iPhone Xs / X	$25
3236	https://case-mate.com/cardinal-barely-there-iphonexs	https://case-mate.com/media/catalog/product/cache/3fc35d798ea034524abc6812c3526e1f/b/t/btr1.png	Barely There	Cardinal	iPhone Xs / X	$25
3235	https://case-mate.com/blush-barely-there-iphone-xs	https://case-mate.com/media/catalog/product/cache/3fc35d798ea034524abc6812c3526e1f/b/a/barelythere_blush_1.png	Barely There	Blush	iPhone Xs / X	$25
2731	https://case-mate.com/black-barely-there-iphone-xs	https://case-mate.com/media/catalog/product/cache/3fc35d798ea034524abc6812c3526e1f/b/a/barelythere_black_1_2.png	Barely There	Black	iPhone Xs / X	$25
3021	https://case-mate.com/squish-iridescent-iphone-xs	https://case-mate.com/media/catalog/product/cache/3fc35d798ea034524abc6812c3526e1f/c/m/cmi_iphone_x_squish_iridescent_cm037240_1.jpg	Squish	Iridescent	iPhone Xs / X	$20
3022	https://case-mate.com/squish-purple-iphone-xs	https://case-mate.com/media/catalog/product/cache/3fc35d798ea034524abc6812c3526e1f/c/m/cmi_iphone_x_squish_purple_cm037242_1.jpg	Squish	Purple	iPhone Xs / X	$20
2919	https://case-mate.com/naked-tough-tortoiseshell-iphone-xs	https://case-mate.com/media/catalog/product/cache/3fc35d798ea034524abc6812c3526e1f/c/m/cmi_iphone_x_nakedtough_tortoiseshell_cm036842_1_1_.png	Naked Tough	Tortoiseshell	iPhone Xs / X	$28
2746	https://case-mate.com/luminescent-iphone-xs	https://case-mate.com/media/catalog/product/cache/3fc35d798ea034524abc6812c3526e1f/l/u/lumi_x.png	Luminescent	Rose Gold	iPhone Xs / X	$40
2943	https://case-mate.com/luminescent-bundle-iphone-xs	https://case-mate.com/media/catalog/product/cache/3fc35d798ea034524abc6812c3526e1f/u/n/untitled-1.png	Luminescent Bundle	Rose Gold	iPhone Xs / X	$40
2738	https://case-mate.com/black-compact-mirror-iphone-xs	https://case-mate.com/media/catalog/product/cache/3fc35d798ea034524abc6812c3526e1f/c/m/cmi_pagani_compactmirror_black_cm036290_1.png	Compact Mirror	Black	iPhone Xs / X	$20
2739	https://case-mate.com/iridescent-compact-mirror-iphone-xs	https://case-mate.com/media/catalog/product/cache/3fc35d798ea034524abc6812c3526e1f/c/m/cmi_pagani_compactmirror_iridescent_cm036288_1.png	Compact Mirror	Iridescent	iPhone Xs / X	$20
2764	https://case-mate.com/iridescent-wristlet-folio-iphonex	https://case-mate.com/media/catalog/product/cache/3fc35d798ea034524abc6812c3526e1f/c/m/cmi_pagani_wristletfolio_iridescent_cm036292_1.png	Folio Wristlet	Iridescent	iPhone Xs / X	$30
2765	https://case-mate.com/rose-gold-wristlet-folio-iphone-xs	https://case-mate.com/media/catalog/product/cache/3fc35d798ea034524abc6812c3526e1f/c/m/cmi_pagani_wristlet_rosegold_cm036294_1_1.png	Folio Wristlet	Rose Gold	iPhone Xs / X	$30
2766	https://case-mate.com/black-wristlet-folio-iphone-xs	https://case-mate.com/media/catalog/product/cache/3fc35d798ea034524abc6812c3526e1f/c/m/cmi_pagani_wristlet_black_cm036292_1_1.png	Folio Wristlet	Black	iPhone Xs / X	$30
2760	https://case-mate.com/champagne-sheer-glam-iphone-xs	https://case-mate.com/media/catalog/product/cache/3fc35d798ea034524abc6812c3526e1f/c/m/cmi_pagani_nakedtough_sheerglam_cm036242_4.png	Naked Tough	Sheer Glam	iPhone Xs / X	$35
2741	https://case-mate.com/black-id-iphone-xs	https://case-mate.com/media/catalog/product/cache/3fc35d798ea034524abc6812c3526e1f/c/m/cmi_pagani_tough_id_cm036636_1.png	Tough ID	Black	iPhone Xs / X	$15
2761	https://case-mate.com/black-tough-mag-iphone-xs	https://case-mate.com/media/catalog/product/cache/3fc35d798ea034524abc6812c3526e1f/c/m/cmi_pagani_tough_mag_cm036234_1_1.png	Tough Mag	Black	iPhone Xs / X	$35
2763	https://case-mate.com/black-wallet-folio-iphone-xs	https://case-mate.com/media/catalog/product/cache/3fc35d798ea034524abc6812c3526e1f/c/m/cmi_pagani_walletfolio_black_cm036236_1.png	Wallet Folio	Black	iPhone Xs / X	$60
3346	https://case-mate.com/iphone-xs-purple-sheer-crystal-bundle	https://case-mate.com/media/catalog/product/cache/3fc35d798ea034524abc6812c3526e1f/s/c/sc_purplexs.png	Sheer Crystal Purple Bundle	Purple	iPhone Xs / X	$40
3345	https://case-mate.com/iphone-xs-blush-sheer-crystal-blush-bundle	https://case-mate.com/media/catalog/product/cache/3fc35d798ea034524abc6812c3526e1f/s/c/sc_blush.xspng.png	Sheer Crystal Blush Bundle	Blush	iPhone Xs / X	$40
3344	https://case-mate.com/iphone-xs-clear-sheer-crystal-bundle	https://case-mate.com/media/catalog/product/cache/3fc35d798ea034524abc6812c3526e1f/s/c/sc_clearxs.png	Sheer Crystal Clear Bundle	Clear	iPhone Xs / X	$40
3292	https://case-mate.com/clear-protection-pack-iphone-xr	https://case-mate.com/media/catalog/product/cache/3fc35d798ea034524abc6812c3526e1f/c/m/cm038006_6.1_toughclear_bundle_package.png	Protection Pack	Clear	iPhone XR	$45
3138	https://case-mate.com/clear-tough-clear-iphone-xr	https://case-mate.com/media/catalog/product/cache/3fc35d798ea034524abc6812c3526e1f/t/o/tough_clear_1.png	Tough Clear	Clear	iPhone XR	$35
3139	https://case-mate.com/stardust-twinkle-iphone-xr	https://case-mate.com/media/catalog/product/cache/3fc35d798ea034524abc6812c3526e1f/t/w/twinkle_1.png	Twinkle	Stardust	iPhone XR	$40
3121	https://case-mate.com/rose-gold-brilliance-iphone-xr	https://case-mate.com/media/catalog/product/cache/3fc35d798ea034524abc6812c3526e1f/b/r/brilliance_rg_1.png	Brilliance	Rose Gold	iPhone XR	$60
3126	https://case-mate.com/purple-karat-petals-iphone-xr	https://case-mate.com/media/catalog/product/cache/3fc35d798ea034524abc6812c3526e1f/x/r/xrpetals-1.png	Karat Petals	Purple	iPhone XR	$50
3124	https://case-mate.com/karat-petals-ditsy-petals-pink-iphone-xr	https://case-mate.com/media/catalog/product/cache/3fc35d798ea034524abc6812c3526e1f/d/i/ditsypetalsxr-1.png	Karat Petals	Ditsy Petals Pink	iPhone XR	$50
3108	https://case-mate.com/pearl-karat-iphone-xr	https://case-mate.com/media/catalog/product/cache/3fc35d798ea034524abc6812c3526e1f/m/o/mopxr.png	Karat	Mother of Pearl	iPhone XR	$50
3123	https://case-mate.com/rose-gold-karat-iphone-xr	https://case-mate.com/media/catalog/product/cache/3fc35d798ea034524abc6812c3526e1f/k/a/karat_rg_1.png	Karat	Rose Gold	iPhone XR	$50
3136	https://case-mate.com/green-pink-neon-tough-neon-iphone-xr	https://case-mate.com/media/catalog/product/cache/3fc35d798ea034524abc6812c3526e1f/t/o/toughneon_grpk_1.png	Tough Neon	Green/Pink Neon	iPhone XR	$35
3137	https://case-mate.com/turquoise-purple-neon-tough-neon-iphone-xr	https://case-mate.com/media/catalog/product/cache/3fc35d798ea034524abc6812c3526e1f/t/o/toughneon_1_xr.png	Tough Neon	Turquoise/Purple Neon	iPhone XR	$35
3364	https://case-mate.com/iphone-xr-car-case-black	https://case-mate.com/media/catalog/product/cache/3fc35d798ea034524abc6812c3526e1f/i/p/iphonexr_carcase_1_1.png	Car Case	Black	iPhone XR	$40
3146	https://case-mate.com/gold-waterfall-iphone-xr	https://case-mate.com/media/catalog/product/cache/3fc35d798ea034524abc6812c3526e1f/w/f/wf_gld_1.png	Waterfall	Gold	iPhone XR	$40
3147	https://case-mate.com/iridescent-waterfall-iphone-xr	https://case-mate.com/media/catalog/product/cache/3fc35d798ea034524abc6812c3526e1f/w/a/waterfalls_iri_1.png	Waterfall	Iridescent	iPhone XR	$40
3149	https://case-mate.com/rose-gold-waterfall-iphone-xr	https://case-mate.com/media/catalog/product/cache/3fc35d798ea034524abc6812c3526e1f/w/f/wf_rg_1.png	Waterfall	Rose Gold	iPhone XR	$40
3148	https://case-mate.com/purple-waterfall-iphone-xr	https://case-mate.com/media/catalog/product/cache/3fc35d798ea034524abc6812c3526e1f/w/f/wf_cm_armani_1_sticker.png	Waterfall	Purple Glow	iPhone XR	$40
3130	https://case-mate.com/clear-sheer-crystal-iphone-xr	https://case-mate.com/media/catalog/product/cache/3fc35d798ea034524abc6812c3526e1f/s/h/sheercrystal_clear_1.png	Sheer Crystal	Clear	iPhone XR	$35
3129	https://case-mate.com/blush-sheer-crystal-iphone-xr	https://case-mate.com/media/catalog/product/cache/3fc35d798ea034524abc6812c3526e1f/s/h/sheercrystal_blush_1.png	Sheer Crystal	Blush	iPhone XR	$35
3132	https://case-mate.com/teal-sheer-crystal-iphone-xr	https://case-mate.com/media/catalog/product/cache/3fc35d798ea034524abc6812c3526e1f/s/h/sheercrystal_teal_1_1.png	Sheer Crystal	Teal	iPhone XR	$35
3131	https://case-mate.com/purple-sheer-crystal-iphone-xr	https://case-mate.com/media/catalog/product/cache/3fc35d798ea034524abc6812c3526e1f/s/h/sheercrystal_purple_1_1.png	Sheer Crystal	Purple	iPhone XR	$35
3293	https://case-mate.com/black-protection-pack-iphone-xr	https://case-mate.com/media/catalog/product/cache/3fc35d798ea034524abc6812c3526e1f/c/m/cm038007_6.1_matte_black_bundle_package.png	Protection Pack	Black	iPhone XR	$45
3342	https://case-mate.com/mood-iphone-xr	https://case-mate.com/media/catalog/product/cache/3fc35d798ea034524abc6812c3526e1f/c/m/cm038384_iphone_xr_mood_1.png	Mood	Mood	iPhone XR	$40
3118	https://case-mate.com/butterscotch-barely-there-leather-iphone-xr	https://case-mate.com/media/catalog/product/cache/3fc35d798ea034524abc6812c3526e1f/b/a/barelythereleather_butterscotch_1.png	Barely There Leather	Butterscotch	iPhone XR	$40
3117	https://case-mate.com/black-barely-there-leather-iphone-xr	https://case-mate.com/media/catalog/product/cache/3fc35d798ea034524abc6812c3526e1f/b/a/barelythereleather_black_1.png	Barely There Leather	Black	iPhone XR	$40
3119	https://case-mate.com/cardinal-barely-there-leather-iphone-xr	https://case-mate.com/media/catalog/product/cache/3fc35d798ea034524abc6812c3526e1f/b/t/btl_cardinal_1.png	Barely There Leather	Cardinal	iPhone XR	$40
3120	https://case-mate.com/metallic-blush-barely-there-leather-iphone-xr	https://case-mate.com/media/catalog/product/cache/3fc35d798ea034524abc6812c3526e1f/b/t/btl_mb_1.png	Barely There Leather	Metallic Blush	iPhone XR	$40
3133	https://case-mate.com/sprinkles-iphone-xr	https://case-mate.com/media/catalog/product/cache/3fc35d798ea034524abc6812c3526e1f/s/p/sprinkles_1_2.png	Sprinkles	Sprinkles	iPhone XR	$40
3135	https://case-mate.com/matte-black-tough-iphone-xr	https://case-mate.com/media/catalog/product/cache/3fc35d798ea034524abc6812c3526e1f/t/o/tough_matteblack_1.png	Tough	Black	iPhone XR	$35
3144	https://case-mate.com/pink-wallpapers-iphone-xr	https://case-mate.com/media/catalog/product/cache/3fc35d798ea034524abc6812c3526e1f/w/a/wallpaper_pinkpoppy_1_1.png	Wallpapers	Pink Poppy	iPhone XR	$35
3145	https://case-mate.com/pink-dot-wallpapers-iphone-xr	https://case-mate.com/media/catalog/product/cache/3fc35d798ea034524abc6812c3526e1f/w/a/wallpaper_pinkdot_1_1.png	Wallpapers	Pink Dot	iPhone XR	$35
3143	https://case-mate.com/grey-leopard-wallapers-iphone-xr	https://case-mate.com/media/catalog/product/cache/3fc35d798ea034524abc6812c3526e1f/w/a/wallpaper_greyleopard_1.png	Wallpapers	Grey Leopard	iPhone XR	$35
3141	https://case-mate.com/black-metallic-wallpapers-iphone-xr	https://case-mate.com/media/catalog/product/cache/3fc35d798ea034524abc6812c3526e1f/w/a/wallpaper_metallicblackdot_1.png	Wallpapers	Metallic Dot	iPhone XR	$35
3142	https://case-mate.com/floral-garden-wallpapers-iphone-xr	https://case-mate.com/media/catalog/product/cache/3fc35d798ea034524abc6812c3526e1f/w/a/wallpaper_floralgarden_1_1.png	Wallpapers	Floral Garden	iPhone XR	$35
3212	https://case-mate.com/clear-protection-collection-iphone-xr	https://case-mate.com/media/catalog/product/cache/3fc35d798ea034524abc6812c3526e1f/p/r/protectioncollection_sc_clear_1.png	Protection Collection	Clear	iPhone XR	$40
3211	https://case-mate.com/blush-protection-collection-iphone-xr	https://case-mate.com/media/catalog/product/cache/3fc35d798ea034524abc6812c3526e1f/p/c/pc_sc_blush_01.png	Protection Collection	Blush	iPhone XR	$40
3223	https://case-mate.com/clear-black-protection-collection-iphone-xr	https://case-mate.com/media/catalog/product/cache/3fc35d798ea034524abc6812c3526e1f/p/r/protectioncollection_clear_1_1.png	Protection Collection	Clear/Black	iPhone XR	$40
3210	https://case-mate.com/black-protection-collection-iphone-xr	https://case-mate.com/media/catalog/product/cache/3fc35d798ea034524abc6812c3526e1f/p/c/pc_translucentblack_1.png	Protection Collection	Black	iPhone XR	$40
3208	https://case-mate.com/carbon-fiber-protection-collection-iphone-xr	https://case-mate.com/media/catalog/product/cache/3fc35d798ea034524abc6812c3526e1f/p/c/pc_carbonfiber_1.png	Protection Collection	Carbon Fiber	iPhone XR	$40
3109	https://case-mate.com/naked-tough-clear-iphone-xr	https://case-mate.com/media/catalog/product/cache/3fc35d798ea034524abc6812c3526e1f/n/a/nakedtough_iri_1.png	Iridescent	Iridescent	iPhone XR	$35
3302	https://case-mate.com/black-tough-grip-iphone-xr	https://case-mate.com/media/catalog/product/cache/3fc35d798ea034524abc6812c3526e1f/t/o/toughgrip_black_1.png	Tough Grip	Black	iPhone XR	$30
3306	https://case-mate.com/white-black-tough-grip-iphone-xr	https://case-mate.com/media/catalog/product/cache/3fc35d798ea034524abc6812c3526e1f/t/o/toughgrip_white_1.png	Tough Grip	White/Black	iPhone XR	$30
3305	https://case-mate.com/silver-black-tough-grip-iphone-xr	https://case-mate.com/media/catalog/product/cache/3fc35d798ea034524abc6812c3526e1f/t/o/toughgrip_silver_1.png	Tough Grip	Silver/Black	iPhone XR	$30
3304	https://case-mate.com/metallic-blush-clear-tough-grip-iphone-xr	https://case-mate.com/media/catalog/product/cache/3fc35d798ea034524abc6812c3526e1f/t/o/toughgrip_mb_1_1.png	Tough Grip	Metallic Blush	iPhone XR	$30
3303	https://case-mate.com/blue-titanium-tough-grip-iphone-xr	https://case-mate.com/media/catalog/product/cache/3fc35d798ea034524abc6812c3526e1f/t/o/toughgrip_blue_armani_1.png	Tough Grip	Blue/Titanium	iPhone XR	$30
3114	https://case-mate.com/black-barely-there-folio-iphone-xr	https://case-mate.com/media/catalog/product/cache/3fc35d798ea034524abc6812c3526e1f/w/a/walletfolio_black_1_1.png	Barely There Folio	Black	iPhone XR	$12
3116	https://case-mate.com/cardinal-barely-there-folio-iphone-xr	https://case-mate.com/media/catalog/product/cache/3fc35d798ea034524abc6812c3526e1f/b/a/barelytherefolio_cardinal_1_1.png	Barely There Folio	Cardinal	iPhone XR	$12
3115	https://case-mate.com/brown-barely-there-folio-iphone-xr	https://case-mate.com/media/catalog/product/cache/3fc35d798ea034524abc6812c3526e1f/b/a/barelytherefolio_butterscotch_1_1.png	Barely There Folio	Brown	iPhone XR	$12
3140	https://case-mate.com/black-wallet-folio-iphone-xr	https://case-mate.com/media/catalog/product/cache/3fc35d798ea034524abc6812c3526e1f/w/a/walletfolio_black_1_1_1.png	Wallet Folio	Black	iPhone XR	$60
3110	https://case-mate.com/black-barely-there-iphone-xr	https://case-mate.com/media/catalog/product/cache/3fc35d798ea034524abc6812c3526e1f/b/a/barelythere_black_1.png	Barely There	Black	iPhone XR	$25
3113	https://case-mate.com/clear-barely-there-iphone-xr	https://case-mate.com/media/catalog/product/cache/3fc35d798ea034524abc6812c3526e1f/b/a/barelythere_clear_1.png	Barely There	Clear	iPhone XR	$25
3112	https://case-mate.com/cardinal-barely-there-iphone-xr	https://case-mate.com/media/catalog/product/cache/3fc35d798ea034524abc6812c3526e1f/b/a/barelythere_cardinal_1_2.png	Barely There	Cardinal	iPhone XR	$25
3111	https://case-mate.com/blush-barely-there-iphone-xr	https://case-mate.com/media/catalog/product/cache/3fc35d798ea034524abc6812c3526e1f/b/a/barelythere_blush_1_1.png	Barely There	Blush	iPhone XR	$25
3352	https://case-mate.com/iphone-xr-purple-sheer-crystal-bundle	https://case-mate.com/media/catalog/product/cache/3fc35d798ea034524abc6812c3526e1f/s/c/sc_purplexr.png	Sheer Crystal Purple Bundle	Purple	iPhone XR	$40
3351	https://case-mate.com/iphone-xr-blush-sheer-crystal-blush-bundle	https://case-mate.com/media/catalog/product/cache/3fc35d798ea034524abc6812c3526e1f/s/c/sc_blush.xrpng.png	Sheer Crystal Blush Bundle	Blush	iPhone XR	$40
3350	https://case-mate.com/iphone-xr-clear-sheer-crystal-bundle	https://case-mate.com/media/catalog/product/cache/3fc35d798ea034524abc6812c3526e1f/s/c/sc_clearxr.png	Sheer Crystal Clear Bundle	Clear	iPhone XR	$40
3039	https://case-mate.com/twinkle-stardust-iphone7-plus	https://case-mate.com/media/catalog/product/cache/3fc35d798ea034524abc6812c3526e1f/i/p/iphone_7_plus_twinkle_cm037236_1.png	Twinkle	Stardust	iPhone 7 Plus	$40
2141	https://case-mate.com/naked-tough-waterfall-iridescent-diamond-iphone7-plus	https://case-mate.com/media/catalog/product/cache/3fc35d798ea034524abc6812c3526e1f/c/m/cmi_iphone_8_plus_waterfall_iridesecnt_cm036180_1.png	Waterfall	Iridescent Diamond	iPhone 7 Plus	$40
2717	https://case-mate.com/purple-petals-karat-iphone7-plus	https://case-mate.com/media/catalog/product/cache/3fc35d798ea034524abc6812c3526e1f/c/m/cmi_iphone_8_plus_karatpetal_purple_cm036174_1_2.png	Karat Petals	Purple	iPhone 7 Plus	$50
2167	https://case-mate.com/karat-mother-of-pearl-iphone7-plus	https://case-mate.com/media/catalog/product/cache/3fc35d798ea034524abc6812c3526e1f/c/m/cmi_iphone_8_plus_karat_motherofpearl_cm036168_1_1.png	Karat	Mother of Pearl	iPhone 7 Plus	$50
2165	https://case-mate.com/karat-rose-gold-iphone7-plus	https://case-mate.com/media/catalog/product/cache/3fc35d798ea034524abc6812c3526e1f/c/m/cmi_iphone_8_plus_karat_rosegold_cm036166_1_1.png	Karat	Rose Gold	iPhone 7 Plus	$50
2713	https://case-mate.com/clear-tough-iphone7-plus	https://case-mate.com/media/catalog/product/cache/3fc35d798ea034524abc6812c3526e1f/c/m/cmi_vectra_tough_clear_cm036146_1.png	Tough Clear	Clear	iPhone 7 Plus	$35
2134	https://case-mate.com/naked-tough-iridescent-iphone7-plus	https://case-mate.com/media/catalog/product/cache/3fc35d798ea034524abc6812c3526e1f/c/m/cmi_iphone_8_plus_nakedtough_iridescent_cm036162_1.png	Naked Tough	Iridescent	iPhone 7 Plus	$18
2135	https://case-mate.com/naked-tough-sheer-glam-iphone7-plus	https://case-mate.com/media/catalog/product/cache/3fc35d798ea034524abc6812c3526e1f/s/h/sheer_glam_8_plus_1.png	Naked Tough	Sheer Glam	iPhone 7 Plus	$18
2712	https://case-mate.com/mood-iphone7-plus	https://case-mate.com/media/catalog/product/cache/3fc35d798ea034524abc6812c3526e1f/c/m/cmi_vectra_mood_cm036198_1_1.png	Mood	Mood	iPhone 7 Plus	$40
2138	https://case-mate.com/naked-tough-waterfall-rose-gold-iphone7-plus	https://case-mate.com/media/catalog/product/cache/3fc35d798ea034524abc6812c3526e1f/r/g/rg_plus_1.png	Waterfall	Rose Gold	iPhone 7 Plus	$40
2174	https://case-mate.com/brilliance-tough-rose-gold-iphone7-plus	https://case-mate.com/media/catalog/product/cache/3fc35d798ea034524abc6812c3526e1f/c/m/cmi_iphone_7_plus_brilliance_rose_gold_cm034774_1.png	Brilliance Tough	Rose Gold	iPhone 7 Plus	$60
2722	https://case-mate.com/rose-gold-wristlet-folio-iphone7-plus	https://case-mate.com/media/catalog/product/cache/3fc35d798ea034524abc6812c3526e1f/c/m/cmi_iphone_7_plus__folio_wristlet_rose_gold_cm034806_1_5.png	Folio Wristlet	Rose Gold	iPhone 7 Plus	$30
2133	https://case-mate.com/naked-tough-clear-iphone7plus	https://case-mate.com/media/catalog/product/cache/3fc35d798ea034524abc6812c3526e1f/c/m/cmi_iphone_7_plus_naked_tough_clear_cm034752_1_2.png	Naked Tough	Clear	iPhone 7 Plus	$18
2720	https://case-mate.com/black-wallet-folio-iphone7-plus	https://case-mate.com/media/catalog/product/cache/3fc35d798ea034524abc6812c3526e1f/c/m/cmi_iphone_7plus_wallet_folio__black_leather_cm034810_3_3.png	Wallet Folio	Black	iPhone 7 Plus	$60
2923	https://case-mate.com/signature-leather-band-tobacco-apple-watch-42mm	https://case-mate.com/media/catalog/product/cache/3fc35d798ea034524abc6812c3526e1f/s/i/signature_brown_42.png	Signature Leather Band	Tobacco	Watch 42-44mm	$50
2922	https://case-mate.com/signature-leather-band-black-apple-watch-42mm	https://case-mate.com/media/catalog/product/cache/3fc35d798ea034524abc6812c3526e1f/s/i/signature_leather_42_1.png	Signature Leather Band	Black	Watch 42-44mm	$50
3360	https://case-mate.com/bumper-clear-apple-watch-series-4-38mm	https://case-mate.com/media/catalog/product/cache/3fc35d798ea034524abc6812c3526e1f/c/m/cmi_naked-tough_apple-watch-bumper-38mm_clear_cm032905_2_1024x1024_2.png	Watch Bumper	Clear	Watch 38-40mm	$15
2939	https://case-mate.com/black-sheer-glam-band-apple-watch-42mm	https://case-mate.com/media/catalog/product/cache/3fc35d798ea034524abc6812c3526e1f/s/h/sheer_noir_42.png	Sheer Glam Band	Sheer Glam Noir	Watch 42-44mm	$35
2925	https://case-mate.com/sheer-glam-noir-band-apple-watch-38mm	https://case-mate.com/media/catalog/product/cache/3fc35d798ea034524abc6812c3526e1f/s/h/sheer_noir_38.png	Sheer Glam Band	Sheer Glam Noir	Watch 38-40mm	$35
2201	https://case-mate.com/champagne-sheer-glam-band-apple-watch-38mm	https://case-mate.com/media/catalog/product/cache/3fc35d798ea034524abc6812c3526e1f/s/h/sheerglame_clear_2.png	Sheer Glam Band	Champagne	Watch 38-40mm	$35
3361	https://case-mate.com/bumper-apple-watch-series-4-42mm-clear	https://case-mate.com/media/catalog/product/cache/3fc35d798ea034524abc6812c3526e1f/c/m/cmi_naked-tough_apple-watch-bumper-42mm_clear_cm032907_2_d0ef245a-d3f7-4c88-ab5e-a65d00b7d95d_1024x1024_1.png	Watch Bumper	Clear	Watch 42-44mm	$15
2213	https://case-mate.com/black-linked-band-apple-watch-42mm	https://case-mate.com/media/catalog/product/cache/3fc35d798ea034524abc6812c3526e1f/l/i/link_blk_42.png	Linked Band	Black	Watch 42-44mm	$50
2928	https://case-mate.com/black-pebbled-leather-band-apple-watch-38mm	https://case-mate.com/media/catalog/product/cache/3fc35d798ea034524abc6812c3526e1f/s/i/signature_leather_38.png	Pebbled Leather Watchband	Black Leather	Watch 38-40mm	$50
2647	https://case-mate.com/purple-petals-karat-iphone6	https://case-mate.com/media/catalog/product/cache/3fc35d798ea034524abc6812c3526e1f/c/m/cmi_omega_karatpetal_purple_cm036090_1.png	Karat Petals	Purple	iPhone 6s/6	$50
3442	https://case-mate.com/rose-gold-metal-linked-band-apple-watch-42mm	https://case-mate.com/media/catalog/product/cache/3fc35d798ea034524abc6812c3526e1f/l/i/linked_rg_42.png	Metal Linked Band	Rose Gold	Watch 42-44mm	$50
2891	https://case-mate.com/rose-gold-metal-linked-band-apple-watch-38mm	https://case-mate.com/media/catalog/product/cache/3fc35d798ea034524abc6812c3526e1f/l/i/linked_rg_38.png	Metal Linked Band	Rose Gold	Watch 38-40mm	$50
2669	https://case-mate.com/purple-petals-karat-iphone6-plus	https://case-mate.com/media/catalog/product/cache/3fc35d798ea034524abc6812c3526e1f/c/m/cmi_iphone_8_plus_karatpetal_purple_cm036174_1_1.png	Karat Petals	Purple	iPhone 6s Plus/6 Plus	$50
2645	https://case-mate.com/purple-glow-waterfall-iphone6	https://case-mate.com/media/catalog/product/cache/3fc35d798ea034524abc6812c3526e1f/c/m/cmi_omega_waterfall_glowpurple_cm036786_1.png	Glow Waterfall	Purple Glow	iPhone 6s/6	$40
2642	https://case-mate.com/mood-iphone6	https://case-mate.com/media/catalog/product/cache/3fc35d798ea034524abc6812c3526e1f/c/m/cmi_omega_mood_cm036114_1_3.png	Mood	Mood	iPhone 6s/6	$40
3047	https://case-mate.com/lava-lamp-iphone6	https://case-mate.com/media/catalog/product/cache/3fc35d798ea034524abc6812c3526e1f/i/p/iphone_8_lava_cm037230_1_1_2.png	Lava Lamp	Lava Lamp	iPhone 6s/6	$40
2650	https://case-mate.com/black-wallet-folio-iphone6	https://case-mate.com/media/catalog/product/cache/3fc35d798ea034524abc6812c3526e1f/c/m/cmi_iphone_7_wallet_folio_black_cm034746_3_1.png	Wallet Folio	Black	iPhone 6s/6	$60
2637	https://case-mate.com/black-compact-mirror-iphone6	https://case-mate.com/media/catalog/product/cache/3fc35d798ea034524abc6812c3526e1f/c/m/cmi_iphone_6_compactmirror_black_cm036124_1.png	Compact Mirror	Black	iPhone 6s/6	$20
2665	https://case-mate.com/mood-iphone6-plus	https://case-mate.com/media/catalog/product/cache/3fc35d798ea034524abc6812c3526e1f/c/m/cmi_vectra_mood_cm036198_1.png	Mood	Mood	iPhone 6s Plus/6 Plus	$40
3034	https://case-mate.com/glass-screen-protector-iphone6-2pack	https://case-mate.com/media/catalog/product/cache/3fc35d798ea034524abc6812c3526e1f/i/p/iphone_8_copy_2.png	2-Pack Glass Screen Protectors	Clear	iPhone 6s/6	$35
3040	https://case-mate.com/twinkle-stardust-iphone6-plus	https://case-mate.com/media/catalog/product/cache/3fc35d798ea034524abc6812c3526e1f/i/p/iphone_6_plus_twinkle_cm037236_1.png	Twinkle	Stardust	iPhone 6s Plus/6 Plus	$40
2669	https://case-mate.com/purple-petals-karat-iphone6-plus	https://case-mate.com/media/catalog/product/cache/3fc35d798ea034524abc6812c3526e1f/c/m/cmi_iphone_8_plus_karatpetal_purple_cm036174_1_1.png	Karat Petals	Purple	iPhone 6s Plus/6 Plus	$50
2590	https://case-mate.com/karat-mother-of-pearl-iphone6-plus	https://case-mate.com/media/catalog/product/cache/3fc35d798ea034524abc6812c3526e1f/c/m/cmi_iphone_8_plus_karat_motherofpearl_cm036168_1_1_1.png	Karat	Mother of Pearl	iPhone 6s Plus/6 Plus	$50
2588	https://case-mate.com/karat-rose-gold-iphone6-plus	https://case-mate.com/media/catalog/product/cache/3fc35d798ea034524abc6812c3526e1f/c/m/cmi_iphone_8_plus_karat_rosegold_cm036166_1_2.png	Karat	Rose Gold	iPhone 6s Plus/6 Plus	$50
2868	https://case-mate.com/clear-tough-iphone6-plus	https://case-mate.com/media/catalog/product/cache/3fc35d798ea034524abc6812c3526e1f/c/m/cmi_vectra_tough_clear_cm036146_1_2.png	Tough Clear	Clear	iPhone 6s Plus/6 Plus	$35
2574	https://case-mate.com/naked-tough-iridescent-iphone6-plus	https://case-mate.com/media/catalog/product/cache/3fc35d798ea034524abc6812c3526e1f/c/m/cmi_iphone_8_plus_nakedtough_iridescent_cm036162_1_1.png	Naked Tough	Iridescent	iPhone 6s Plus/6 Plus	$18
2573	https://case-mate.com/naked-tough-sheer-glam-iphone6-plus	https://case-mate.com/media/catalog/product/cache/3fc35d798ea034524abc6812c3526e1f/s/h/sheer_glam_8_plus_1_1.png	Naked Tough	Sheer Glam	iPhone 6s Plus/6 Plus	$18
2665	https://case-mate.com/mood-iphone6-plus	https://case-mate.com/media/catalog/product/cache/3fc35d798ea034524abc6812c3526e1f/c/m/cmi_vectra_mood_cm036198_1.png	Mood	Mood	iPhone 6s Plus/6 Plus	$40
2581	https://case-mate.com/naked-tough-waterfall-rose-gold-iphone6-plus	https://case-mate.com/media/catalog/product/cache/3fc35d798ea034524abc6812c3526e1f/c/m/cmi_iphone_8_plus_waterfall_rosegold_cm036178_1_2.png	Waterfall	Rose Gold	iPhone 6s Plus/6 Plus	$40
2576	https://case-mate.com/naked-tough-waterfall-iridescent-diamond-iphone6-plus	https://case-mate.com/media/catalog/product/cache/3fc35d798ea034524abc6812c3526e1f/c/m/cmi_iphone_8_plus_waterfall_iridesecnt_cm036180_1_1.png	Waterfall	Iridescent Diamond	iPhone 6s Plus/6 Plus	$40
2584	https://case-mate.com/brilliance-tough-rose-gold-iphone6-plus	https://case-mate.com/media/catalog/product/cache/3fc35d798ea034524abc6812c3526e1f/c/m/cmi_iphone_7_plus_brilliance_rose_gold_cm034774_1_1.png	Brilliance Tough	Rose Gold	iPhone 6s Plus/6 Plus	$60
2674	https://case-mate.com/rose-gold-wristlet-folio-iphone6-plus	https://case-mate.com/media/catalog/product/cache/3fc35d798ea034524abc6812c3526e1f/c/m/cmi_iphone_7_plus__folio_wristlet_rose_gold_cm034806_1_7.png	Folio Wristlet	Rose Gold	iPhone 6s Plus/6 Plus	$30
2571	https://case-mate.com/naked-tough-clear-iphone6-plus	https://case-mate.com/media/catalog/product/cache/3fc35d798ea034524abc6812c3526e1f/c/m/cmi_iphone_7_plus_naked_tough_clear_cm034752_1_4.png	Naked Tough	Clear	iPhone 6s Plus/6 Plus	$18
2672	https://case-mate.com/black-wallet-folio-iphone6-plus	https://case-mate.com/media/catalog/product/cache/3fc35d798ea034524abc6812c3526e1f/c/m/cmi_iphone_7plus_wallet_folio__black_leather_cm034810_3_3_1.png	Wallet Folio	Black	iPhone 6s Plus/6 Plus	$60
